timestamp,elapsed_s,cpu_percent_total,proc_rss_mb,sys_mem_percent,disk_used_gb,disk_free_gb
2026-02-22 03:42:15,0.001,0.0,12.19,5.7,29.138,160.862
2026-02-22 03:42:16,0.504,10.8,12.19,5.7,29.138,160.862
2026-02-22 03:42:16,1.006,12.2,12.19,5.7,29.138,160.862
2026-02-22 03:42:17,1.508,10.5,12.19,5.7,29.138,160.862
2026-02-22 03:42:17,2.01,10.4,12.19,5.7,29.138,160.862
2026-02-22 03:42:18,2.511,10.4,12.19,5.7,29.138,160.862
2026-02-22 03:42:18,3.013,10.6,12.19,5.7,29.138,160.862
2026-02-22 03:42:19,3.515,10.4,12.19,5.7,29.138,160.862
2026-02-22 03:42:19,4.017,10.5,12.19,5.7,29.138,160.862
2026-02-22 03:42:20,4.518,10.5,12.19,5.7,29.138,160.862
2026-02-22 03:42:20,5.02,10.4,12.19,5.7,29.138,160.862
2026-02-22 03:42:21,5.522,10.5,12.19,5.7,29.138,160.862
2026-02-22 03:42:21,6.024,10.6,12.19,5.7,29.138,160.862
2026-02-22 03:42:22,6.525,10.5,12.19,5.7,29.138,160.862
2026-02-22 03:42:22,7.027,10.4,12.19,5.7,29.138,160.862
2026-02-22 03:42:23,7.529,12.1,12.19,5.7,29.138,160.862
2026-02-22 03:42:23,8.031,10.4,12.19,5.7,29.138,160.862
2026-02-22 03:42:24,8.532,10.4,12.19,5.7,29.138,160.862
2026-02-22 03:42:24,9.034,10.4,12.19,5.7,29.138,160.862
2026-02-22 03:42:25,9.536,10.6,12.19,5.7,29.138,160.862
2026-02-22 03:42:25,10.038,10.5,12.19,5.7,29.138,160.862
2026-02-22 03:42:26,10.54,10.4,12.19,5.7,29.138,160.862
2026-02-22 03:42:26,11.041,10.8,12.19,5.7,29.138,160.862
2026-02-22 03:42:27,11.543,10.5,12.19,5.7,29.138,160.862
2026-02-22 03:42:27,12.045,10.6,12.19,5.7,29.138,160.862
2026-02-22 03:42:28,12.546,10.4,12.19,5.7,29.138,160.862
2026-02-22 03:42:28,13.048,10.4,12.19,5.7,29.138,160.862
2026-02-22 03:42:29,13.55,10.5,12.19,5.7,29.138,160.862
2026-02-22 03:42:29,14.053,10.5,12.19,5.7,29.138,160.862
2026-02-22 03:42:30,14.555,10.5,12.19,5.7,29.138,160.862
2026-02-22 03:42:30,15.056,10.4,12.19,5.7,29.138,160.862
2026-02-22 03:42:31,15.558,10.4,12.19,5.7,29.138,160.862
2026-02-22 03:42:31,16.061,10.4,12.19,5.7,29.138,160.862
2026-02-22 03:42:32,16.563,10.5,12.19,5.7,29.138,160.862
2026-02-22 03:42:32,17.065,10.4,12.19,5.7,29.138,160.862
2026-02-22 03:42:33,17.567,10.7,12.19,5.7,29.138,160.862
2026-02-22 03:42:33,18.069,10.4,12.19,5.7,29.138,160.862
2026-02-22 03:42:34,18.571,10.4,12.19,5.7,29.138,160.862
2026-02-22 03:42:34,19.073,10.6,12.19,5.7,29.138,160.862
2026-02-22 03:42:35,19.575,10.4,12.19,5.7,29.138,160.862
2026-02-22 03:42:35,20.076,10.4,12.19,5.7,29.138,160.862
2026-02-22 03:42:36,20.578,11.3,12.19,5.8,29.138,160.862
2026-02-22 03:42:36,21.08,10.5,12.19,5.7,29.138,160.862
2026-02-22 03:42:37,21.582,10.4,12.19,5.8,29.138,160.862
2026-02-22 03:42:37,22.084,10.4,12.19,5.7,29.138,160.862
2026-02-22 03:42:38,22.587,10.3,12.19,5.7,29.138,160.862
2026-02-22 03:42:38,23.089,10.6,12.19,5.7,29.138,160.862
2026-02-22 03:42:39,23.59,10.4,12.19,5.7,29.138,160.862
2026-02-22 03:42:39,24.092,10.4,12.19,5.7,29.138,160.862
2026-02-22 03:42:40,24.594,10.3,12.19,5.8,29.138,160.862
2026-02-22 03:42:40,25.097,10.5,12.19,5.7,29.138,160.862
2026-02-22 03:42:41,25.599,10.5,12.19,5.7,29.138,160.862
2026-02-22 03:42:41,26.1,10.5,12.19,5.7,29.138,160.862
2026-02-22 03:42:42,26.602,10.4,12.19,5.7,29.138,160.862
2026-02-22 03:42:42,27.104,10.3,12.19,5.7,29.138,160.862
2026-02-22 03:42:43,27.606,10.4,12.19,5.7,29.138,160.862
2026-02-22 03:42:43,28.108,10.4,12.19,5.7,29.138,160.862
2026-02-22 03:42:44,28.61,10.3,12.19,5.7,29.138,160.862
2026-02-22 03:42:44,29.111,10.6,12.19,5.7,29.138,160.862
2026-02-22 03:42:45,29.613,12.7,12.19,5.8,29.138,160.862
2026-02-22 03:42:45,30.115,11.3,12.19,5.7,29.138,160.862
2026-02-22 03:42:46,30.616,10.4,12.19,5.7,29.138,160.862
2026-02-22 03:42:46,31.118,11.2,12.19,5.8,29.138,160.862
2026-02-22 03:42:47,31.621,10.7,12.19,5.7,29.138,160.862
2026-02-22 03:42:47,32.122,10.6,12.19,5.7,29.138,160.862
2026-02-22 03:42:48,32.624,10.4,12.19,5.7,29.138,160.862
2026-02-22 03:42:48,33.126,10.5,12.19,5.7,29.138,160.862
2026-02-22 03:42:49,33.628,10.4,12.19,5.7,29.138,160.862
2026-02-22 03:42:49,34.129,10.4,12.19,5.7,29.138,160.862
2026-02-22 03:42:50,34.631,10.5,12.19,5.7,29.138,160.862
2026-02-22 03:42:50,35.133,11.0,12.19,5.7,29.138,160.862
2026-02-22 03:42:51,35.636,10.8,12.19,5.8,29.138,160.862
2026-02-22 03:42:51,36.137,10.5,12.19,5.8,29.138,160.862
2026-02-22 03:42:52,36.639,10.6,12.19,5.7,29.138,160.862
2026-02-22 03:42:52,37.141,10.5,12.19,5.7,29.138,160.862
2026-02-22 03:42:53,37.642,10.5,12.19,5.8,29.138,160.862
2026-02-22 03:42:53,38.144,10.5,12.19,5.8,29.138,160.862
2026-02-22 03:42:54,38.646,10.4,12.19,5.7,29.138,160.862
2026-02-22 03:42:54,39.148,10.6,12.19,5.7,29.138,160.862
2026-02-22 03:42:55,39.65,10.5,12.19,5.8,29.138,160.862
2026-02-22 03:42:55,40.152,10.7,12.19,5.8,29.138,160.862
2026-02-22 03:42:56,40.654,10.6,12.19,5.8,29.138,160.862
2026-02-22 03:42:56,41.156,10.4,12.19,5.8,29.138,160.862
2026-02-22 03:42:57,41.657,10.6,12.19,5.8,29.138,160.862
2026-02-22 03:42:57,42.159,10.4,12.19,5.8,29.138,160.862
2026-02-22 03:42:58,42.661,10.4,12.19,5.8,29.138,160.862
2026-02-22 03:42:58,43.163,10.3,12.19,5.8,29.138,160.862
2026-02-22 03:42:59,43.665,10.5,12.19,5.8,29.138,160.862
2026-02-22 03:42:59,44.167,10.5,12.19,5.8,29.138,160.862
2026-02-22 03:43:00,44.668,10.3,12.19,5.8,29.138,160.862
2026-02-22 03:43:00,45.17,10.6,12.19,5.8,29.138,160.862
2026-02-22 03:43:01,45.672,11.0,12.19,5.8,29.138,160.862
2026-02-22 03:43:01,46.174,10.9,12.19,5.8,29.138,160.862
2026-02-22 03:43:02,46.675,10.3,12.19,5.8,29.138,160.862
2026-02-22 03:43:02,47.177,10.4,12.19,5.8,29.138,160.862
2026-02-22 03:43:03,47.681,10.5,12.19,5.8,29.138,160.862
2026-02-22 03:43:03,48.182,10.5,12.19,5.8,29.138,160.862
2026-02-22 03:43:04,48.684,10.5,12.19,5.8,29.138,160.862
2026-02-22 03:43:04,49.186,10.5,12.19,5.8,29.138,160.862
2026-02-22 03:43:05,49.688,10.5,12.19,5.8,29.138,160.862
2026-02-22 03:43:05,50.19,10.5,12.19,5.8,29.138,160.862
2026-02-22 03:43:06,50.691,10.4,12.19,5.8,29.138,160.862
2026-02-22 03:43:06,51.193,10.5,12.19,5.8,29.138,160.862
2026-02-22 03:43:07,51.695,10.3,12.19,5.8,29.138,160.862
2026-02-22 03:43:07,52.197,10.4,12.19,5.8,29.138,160.862
2026-02-22 03:43:08,52.698,11.0,12.19,5.8,29.138,160.862
2026-02-22 03:43:08,53.2,10.4,12.19,5.8,29.138,160.862
2026-02-22 03:43:09,53.702,10.4,12.19,5.8,29.138,160.862
2026-02-22 03:43:09,54.204,10.3,12.19,5.8,29.138,160.862
2026-02-22 03:43:10,54.705,10.5,12.19,5.8,29.138,160.862
2026-02-22 03:43:10,55.207,10.5,12.19,5.8,29.138,160.862
2026-02-22 03:43:11,55.708,10.7,12.19,5.8,29.138,160.862
2026-02-22 03:43:11,56.211,10.7,12.19,5.8,29.138,160.862
2026-02-22 03:43:12,56.713,10.4,12.19,5.8,29.138,160.862
2026-02-22 03:43:12,57.215,10.5,12.19,5.8,29.138,160.862
2026-02-22 03:43:13,57.716,10.6,12.19,5.8,29.138,160.862
2026-02-22 03:43:13,58.218,11.0,12.19,5.8,29.138,160.862
2026-02-22 03:43:14,58.72,10.2,12.19,5.8,29.138,160.862
2026-02-22 03:43:14,59.222,11.0,12.19,5.8,29.138,160.862
2026-02-22 03:43:15,59.724,10.7,12.19,5.8,29.138,160.862
2026-02-22 03:43:15,60.226,10.3,12.19,5.8,29.138,160.862
2026-02-22 03:43:16,60.728,10.3,12.19,5.8,29.138,160.862
2026-02-22 03:43:16,61.23,10.5,12.19,5.8,29.138,160.862
2026-02-22 03:43:17,61.732,10.5,12.19,5.8,29.138,160.862
2026-02-22 03:43:17,62.233,11.0,12.19,5.8,29.138,160.862
2026-02-22 03:43:18,62.735,10.4,12.19,5.8,29.138,160.862
2026-02-22 03:43:18,63.237,10.4,12.19,5.8,29.138,160.862
2026-02-22 03:43:19,63.739,10.3,12.19,5.8,29.138,160.862
2026-02-22 03:43:19,64.241,10.5,12.19,5.8,29.138,160.862
2026-02-22 03:43:20,64.743,10.8,12.19,5.8,29.138,160.862
2026-02-22 03:43:20,65.245,11.6,12.19,5.8,29.138,160.862
2026-02-22 03:43:21,65.747,11.6,12.19,5.8,29.138,160.862
2026-02-22 03:43:21,66.248,10.3,12.19,5.8,29.138,160.862
2026-02-22 03:43:22,66.75,10.4,12.19,5.8,29.138,160.862
2026-02-22 03:43:22,67.252,10.7,12.19,5.8,29.138,160.862
2026-02-22 03:43:23,67.756,10.3,12.19,5.8,29.138,160.862
2026-02-22 03:43:23,68.275,10.7,12.19,5.8,29.138,160.862
2026-02-22 03:43:24,68.777,11.2,12.19,5.8,29.138,160.862
2026-02-22 03:43:24,69.279,10.5,12.19,5.8,29.138,160.862
2026-02-22 03:43:25,69.781,10.8,12.19,5.8,29.138,160.862
2026-02-22 03:43:25,70.284,12.7,12.19,5.8,29.138,160.862
2026-02-22 03:43:26,70.786,11.9,12.19,5.8,29.138,160.862
2026-02-22 03:43:26,71.288,15.1,12.19,5.8,29.138,160.862
2026-02-22 03:43:27,71.79,15.6,12.19,5.8,29.138,160.862
2026-02-22 03:43:27,72.291,16.0,12.19,5.8,29.138,160.862
2026-02-22 03:43:28,72.793,16.5,12.19,5.8,29.138,160.862
2026-02-22 03:43:28,73.295,15.6,12.19,5.8,29.138,160.862
2026-02-22 03:43:29,73.797,15.9,12.19,5.8,29.138,160.862
2026-02-22 03:43:29,74.299,16.2,12.19,5.8,29.138,160.862
2026-02-22 03:43:30,74.801,16.4,12.19,5.8,29.138,160.862
2026-02-22 03:43:30,75.303,15.5,12.19,5.8,29.138,160.862
2026-02-22 03:43:31,75.805,16.5,12.19,5.8,29.138,160.862
2026-02-22 03:43:31,76.306,15.2,12.19,5.8,29.138,160.862
2026-02-22 03:43:32,76.808,16.5,12.19,5.8,29.138,160.862
2026-02-22 03:43:32,77.31,15.4,12.19,5.8,29.138,160.862
2026-02-22 03:43:33,77.815,15.9,12.19,5.8,29.138,160.862
2026-02-22 03:43:33,78.317,16.6,12.19,5.8,29.138,160.862
2026-02-22 03:43:34,78.819,15.8,12.19,5.8,29.138,160.862
2026-02-22 03:43:34,79.32,16.2,12.19,5.8,29.138,160.862
2026-02-22 03:43:35,79.823,16.1,12.19,5.8,29.138,160.862
2026-02-22 03:43:35,80.324,16.6,12.19,5.8,29.138,160.862
2026-02-22 03:43:36,80.826,16.2,12.19,5.8,29.138,160.862
2026-02-22 03:43:36,81.328,16.3,12.19,5.8,29.138,160.862
2026-02-22 03:43:37,81.83,16.3,12.19,5.8,29.138,160.862
2026-02-22 03:43:37,82.332,15.4,12.19,5.8,29.138,160.862
2026-02-22 03:43:38,82.834,16.1,12.19,5.8,29.138,160.862
2026-02-22 03:43:38,83.336,16.4,12.19,5.8,29.138,160.862
2026-02-22 03:43:39,83.838,16.5,12.19,5.8,29.138,160.862
2026-02-22 03:43:39,84.339,16.4,12.19,5.8,29.138,160.862
2026-02-22 03:43:40,84.842,14.6,12.19,5.8,29.138,160.862
2026-02-22 03:43:40,85.343,16.0,12.19,5.8,29.138,160.862
2026-02-22 03:43:41,85.845,16.5,12.19,5.8,29.138,160.862
2026-02-22 03:43:41,86.347,16.4,12.19,5.8,29.138,160.862
2026-02-22 03:43:42,86.849,14.8,12.19,5.8,29.138,160.862
2026-02-22 03:43:42,87.351,16.1,12.19,5.8,29.138,160.862
2026-02-22 03:43:43,87.853,15.2,12.19,5.8,29.138,160.862
2026-02-22 03:43:43,88.355,16.0,12.19,5.8,29.138,160.862
2026-02-22 03:43:44,88.856,14.9,12.19,5.8,29.138,160.862
2026-02-22 03:43:44,89.359,17.2,12.19,5.8,29.138,160.862
2026-02-22 03:43:45,89.86,17.0,12.19,5.8,29.138,160.862
2026-02-22 03:43:45,90.362,15.0,12.19,5.8,29.138,160.862
2026-02-22 03:43:46,90.864,14.7,12.19,5.8,29.138,160.862
2026-02-22 03:43:46,91.366,15.8,12.19,5.8,29.138,160.862
2026-02-22 03:43:47,91.868,15.4,12.19,5.8,29.138,160.862
2026-02-22 03:43:47,92.37,15.1,12.19,5.8,29.138,160.862
2026-02-22 03:43:48,92.872,16.1,12.19,5.8,29.138,160.862
2026-02-22 03:43:48,93.373,14.8,12.19,5.8,29.138,160.862
2026-02-22 03:43:49,93.875,14.6,12.19,5.8,29.138,160.862
2026-02-22 03:43:49,94.377,16.6,12.19,5.8,29.138,160.862
2026-02-22 03:43:50,94.879,15.4,12.19,5.8,29.138,160.862
2026-02-22 03:43:50,95.381,16.4,12.19,5.8,29.138,160.862
2026-02-22 03:43:51,95.883,14.6,12.19,5.8,29.138,160.862
2026-02-22 03:43:51,96.385,14.7,12.19,5.8,29.138,160.862
2026-02-22 03:43:52,96.886,15.7,12.19,5.8,29.138,160.862
2026-02-22 03:43:52,97.388,15.6,12.19,5.8,29.138,160.862
2026-02-22 03:43:53,97.89,15.0,12.19,5.8,29.138,160.862
2026-02-22 03:43:53,98.392,16.3,12.19,5.8,29.138,160.862
2026-02-22 03:43:54,98.894,14.5,12.19,5.8,29.138,160.862
2026-02-22 03:43:54,99.396,16.3,12.19,5.8,29.138,160.862
2026-02-22 03:43:55,99.898,14.9,12.19,5.8,29.138,160.862
2026-02-22 03:43:55,100.399,16.7,12.19,5.8,29.138,160.862
2026-02-22 03:43:56,100.901,14.6,12.19,5.8,29.138,160.862
2026-02-22 03:43:56,101.403,15.7,12.19,5.8,29.138,160.862
2026-02-22 03:43:57,101.905,15.3,12.19,5.8,29.138,160.862
2026-02-22 03:43:57,102.407,15.7,12.19,5.8,29.138,160.862
2026-02-22 03:43:58,102.909,15.4,12.19,5.8,29.138,160.862
2026-02-22 03:43:58,103.411,16.1,12.19,5.8,29.138,160.862
2026-02-22 03:43:59,103.912,14.8,12.19,5.8,29.138,160.862
2026-02-22 03:43:59,104.414,14.6,12.19,5.9,29.138,160.862
2026-02-22 03:44:00,104.916,13.1,12.19,5.8,29.138,160.862
2026-02-22 03:44:00,105.418,11.0,12.19,5.8,29.138,160.862
2026-02-22 03:44:01,105.919,11.3,12.19,5.8,29.138,160.862
2026-02-22 03:44:01,106.421,12.9,12.19,5.8,29.138,160.862
2026-02-22 03:44:02,106.923,12.8,12.19,5.8,29.138,160.862
2026-02-22 03:44:02,107.425,12.8,12.19,5.8,29.138,160.862
2026-02-22 03:44:03,107.927,12.8,12.19,5.8,29.138,160.862
2026-02-22 03:44:03,108.428,12.9,12.19,5.8,29.138,160.862
2026-02-22 03:44:04,108.93,12.8,12.19,5.8,29.138,160.862
2026-02-22 03:44:04,109.432,12.7,12.19,5.8,29.138,160.862
2026-02-22 03:44:05,109.933,12.8,12.19,5.8,29.138,160.862
2026-02-22 03:44:06,110.435,12.8,12.19,5.8,29.138,160.862
2026-02-22 03:44:06,110.937,12.7,12.19,5.8,29.138,160.862
2026-02-22 03:44:07,111.44,12.9,12.19,5.8,29.138,160.862
2026-02-22 03:44:07,111.942,12.8,12.19,5.8,29.138,160.862
2026-02-22 03:44:08,112.443,12.7,12.19,5.8,29.138,160.862
2026-02-22 03:44:08,112.946,12.5,12.19,5.9,29.138,160.862
